{
  "model": "resnet50",
  "num_classes": 16,
  "test_top1": 0.8888888888888888,
  "test_top5": 1.0,
  "macro_f1": 0.7806147142809234,
  "weighted_f1": 0.8769028322142187,
  "per_class": {
    "apple": {
      "precision": 0.8125,
      "recall": 1.0,
      "f1-score": 0.896551724137931,
      "support": 13.0
    },
    "banana": {
      "precision": 1.0,
      "recall": 1.0,
      "f1-score": 1.0,
      "support": 13.0
    },
    "bell_pepper": {
      "precision": 0.8529411764705882,
      "recall": 1.0,
      "f1-score": 0.9206349206349206,
      "support": 29.0
    },
    "carrot": {
      "precision": 0.8888888888888888,
      "recall": 1.0,
      "f1-score": 0.9411764705882353,
      "support": 16.0
    },
    "cucumber": {
      "precision": 1.0,
      "recall": 1.0,
      "f1-score": 1.0,
      "support": 29.0
    },
    "garlic": {
      "precision": 0.5,
      "recall": 0.25,
      "f1-score": 0.3333333333333333,
      "support": 4.0
    },
    "grape": {
      "precision": 0.75,
      "recall": 0.75,
      "f1-score": 0.75,
      "support": 4.0
    },
    "heic": {
      "precision": 0.5185185185185185,
      "recall": 0.4375,
      "f1-score": 0.4745762711864407,
      "support": 32.0
    },
    "kiwi": {
      "precision": 0.25,
      "recall": 0.2,
      "f1-score": 0.2222222222222222,
      "support": 5.0
    },
    "lemon": {
      "precision": 1.0,
      "recall": 1.0,
      "f1-score": 1.0,
      "support": 11.0
    },
    "mango": {
      "precision": 1.0,
      "recall": 0.9615384615384616,
      "f1-score": 0.9803921568627451,
      "support": 26.0
    },
    "onion": {
      "precision": 0.0,
      "recall": 0.0,
      "f1-score": 0.0,
      "support": 5.0
    },
    "orange": {
      "precision": 1.0,
      "recall": 1.0,
      "f1-score": 1.0,
      "support": 12.0
    },
    "potato": {
      "precision": 0.967741935483871,
      "recall": 1.0,
      "f1-score": 0.9836065573770492,
      "support": 30.0
    },
    "strawberry": {
      "precision": 1.0,
      "recall": 1.0,
      "f1-score": 1.0,
      "support": 20.0
    },
    "tomato": {
      "precision": 0.975,
      "recall": 1.0,
      "f1-score": 0.9873417721518988,
      "support": 39.0
    }
  },
  "speed": {
    "ms_per_image": 6.717069149017334,
    "fps": 148.8744536962663
  },
  "model_size_mb": 89.80108642578125
}